eventID,specieCode,cellCount,country,Region,dataType,yearIni,yearEnd,eventData,DATA_SOURCES,pathway,"DOI, ISBN, ISSN",bibliographicCitation
PACAL0022,"CAPCAP, RUPRUP, SUSSCR",22,AL,,POINT OCCURRENCES,na,na,na,Biodiversity National Network of Albania (BioNNA),https://natureconservation.pensoft.net/articles.php?id=22387,https://doi.org/10.3897/natureconservation.25.22387,"Pacifici M, Attorre F, Martellos S, Bego F, De Sanctis M, Hoda P, Meço M, Rondinini C, Saçdanaku E, Salihaj E, Scepi E, Shuka L, Ghiurghi A (2018) BioNNA: the Biodiversity National Network of Albania. Nature Conservation 25: 77-88."
GJIAL0100,RUPRUP,100,AL,,SP RANGE,na,na,na,Status Survey and Conservation Action Plan for Caprinae - Wild Sheep and Goats and their Relatives,https://portals.iucn.org/library/node/7163,978-2-8317-0353-4 ,"Gjiknuri, L. (1997). Albania. In D. M. Shackleton (Ed.), Wild sheep and goats and their relatives: Status survey and conservation action plan (pp. 79-89). IUCN/SSC Caprinae Specialist Group. IUCN, Gland, Switzerland and Cambridge, UK."
APOAT2505,"CAPIBE,CERELA,RUPRUP,SUSSCR",2505,AT,,HUNT_STATS,na,2003,2003,European Ungulates and their management in the 21st century,na,978-0-521-76061-4,"Reimoser, F., & Reimoser, S. (2010). Austria. In M. Apollonio, R. Andersen, & R. Putman (Eds.), European ungulates and their management in the 21st century (pp. 338-356). Cambridge University Press."
GOSAT0523,RUPRUP,523,AT,,HUNT_STATS,na,na,na,Austria. In Status Survey and Conservation Action Plan for Caprinae - Wild Sheep and Goats and their Relatives,na,978-2-8317-0353-4,"Gossow, H. and Zeiler, H. (1997). Austria. In Status Survey and Conservation Action Plan for Caprinae - Wild Sheep and Goats and their Relatives: 80-85. Shakleton, D. M.(Ed.): IUCN Gland, Switzerland and Cambridge, UK."
VERBE0519,"CAPCAP, CERELA, SUSSCR",519,BE,,ATLAS,1987,2002,1987-2002,Zoogdieren in Vlaanderen. Ecologie en verspreiding van 1987 tot 2002,https://lib.ugent.be/catalog/rug01:000853747,9077507019,"Verkem, S., De Maeseneer, J., Vandendriessche, B., Verbeylen, G., & Yskout, S. (2003). Zoogdieren in Vlaanderen: ecologie en verspreiding van 1987 tot 2002. Natuurpunt Studie/JNM-Zoogdierenwerkgroep, Mechelen/Gent, Belgium."
SMABU3318,"CAPCAP, CERELA, SUSSCR, RUPRUP",3318,BU,,POINT OCURRENCES,na,2018,2018,SmartBirds,https://smartbirds.org/monitoring/public/mammals,NA,"SmartBirds. (n.d.). SmartBirds. Retrieved May 31, 2024, from https://smartbirds.org/"
GOLBU1243,RUPRUP,51,BU,,POINT OCCURRENCES,na,na,na,Red Data Book of Bulgaria,http://e-ecodb.bas.bg/rdb/en/vol2/Rurupica.html#map,978-954-9746-22-8,"Golemanski, V., Beron, P., Popov, A., Popov, V., Beshkov, V., Zhivkov, M. & Delchev, C. (2015). Red data book of the Republic of Bulgaria. Vol. 2. Animals. BAS & MOEW, Sofia, Bulgaria."
GEICHTH0015,SUSSCR,15,CH,TH,SP RANGE,1996,1997,1996-1997,Das Wildschwein (Sus scrofa) im Kanton Thurgau (Schweiz),https://pascal-francis.inist.fr/vibad/index.php?action=getRecordDetail&idt=1767346,NA,"Geisser, H. (2000). Das Wildschein (Sus scrofa) im Kanton Thurgau (Schweiz): Analyse der Populationsdynamik, der Habitatansprüche und der Feldschäden in einem anthropogen beeinflussten Lebensraum."
LEPCH1998,"CAPCAP, CAPIBE, CERELA, RUPRUP, SUSSCR",1998,CH,,ATLAS,1980,2018,1980-2018,Swiss Wildlife Mapping Center (CSCF) - info fauna,,NA,"Lepus.infofauna.ch. (n.d.). Species distribution map. Retrieved 23 july 2018,"
GIACH0395,RUPRUP,395,CH,,SP RANGE,na,na,na,Status Survey and Conservation Action Plan for Caprinae - Wild Sheep and Goats and their Relatives,https://www.kora.ch/malme/06_map-centre/6_2_distribution-herbivores/chamois/switzerland/Giacometti_1997_Status_and_conservation_of_Caprinae_in_Switzerland_-_chamois_distribution.htm,978-2-8317-0353-4,"Giacometti, M. (1997). Switzerland. In D. M. Shackleton (Ed.), Wild sheep and goats and their relatives: Status survey and conservation action plan (pp. [page numbers]). IUCN/SSC Caprinae Specialist Group. IUCN, Gland, Switzerland and Cambridge, UK."
ROMCZ0783,"CERELA, ALCALC",783,CZ,,ABUNDANCE,2005,2009,2005-2009,Current distribution and habitat preferences of red deer and eurasian elk in the Czech Republic,https://ejes.cz/index.php/ejes/article/view/298,https://doi.org/10.14712/23361964.2017.5,"Romportl, D., Bláhová, A., Andreas, M., Chumanová, E., Anděra, M., & Červený, J. (2017). Current distribution and habitat preferences of red deer and Eurasian elk in the Czech Republic. European journal of environmental sciences, 7(1)."
BARCZ0878,"RUPRUP, SUSSCR",878,CZ,,ATLAS,na,2003,,European Ungulates and their management in the 21st century;  Encyklopedie myslivosti ,,,"Bartoš, L., Kotrba, R., & Pintíř, J. (2010). Ungulates and their management in the Czech Republic. In M. Apollonio, R. Andersen, & R. Putman (Eds.), European ungulates and their management in the 21st century (pp. 243-261). Cambridge University Press.; Červený, J. (2003). Legislativa. In J. Červený, J. Kamler, H. Kholová, P. Koubek, & N. Martínková (Eds.), Encyklopedie myslivosti (pp. 61-73). Ottovo Nakladatelství."
ARNDE8363,"SUSSCR,CAPCAP, CERELA, RUPRUP",8363,DE,,HUNT_STATS,2010,2014,2010/2014,"Wildtierinformationssystem der Laender, Deutscher Jagdverband",https://www.jagdverband.de/sites/default/files/WILDBericht2014.pdf,na,"Arnold, J.M., Greiser, G., Kampmann, S., & Martin, I. (2015). Status und Entwicklung ausgewählter Wildtierarten in Deutschland. Jahresbericht 2014. Wildtier-Informations- system der Länder Deutschlands (WILD). Deutscher Jagdverband (Ed.), Berlin."
BRADEBW0494,"CERELA,SUSSCR",494,DE,BW,ATLAS,na,na,na,Atlas der Saeugetiere Baden-Wuerttembergs,na,978-3-8001424-6-0,"Braun, M., & Dieterlen, F. (2005). Die Säugetiere Baden-Württembergs, Band 2. Eugen Ulmer Verlag."
BORDESH0305,"CAPCAP, CERELA, SUSSCR",305,DE,SH,ATLAS,1960,1993,1960/1993,Atlas der Saeugetiere Schleswig-Holsteins,na,978-3-8987656-1-9,"Borkenhagen, P. (1993). Atlas der Säugetiere Schleswig-Holsteins. Landesamt für Naturschutz und Landschaftspflege Schleswig-Holstein."
ELLDEBW0442,"CAPCAP, RUPRUP",442,DE,BW,HUNT_STATS,2016,2017,2016/2017,Jagdbericht Baden-Württemberg für das Jagdjahr 2016/2017,https://fortbildung-lazbw.lgl-bw.de/lazbw/webbasys/download/Shop/Jagdbericht_2016_17.pdf,na,"Elliger, A., Arnold, J., & Linderoth, P. (2017). Jagdbericht Baden-Württemberg für das Jagdjahr 2016/2017. Berichte der Wildforschungsstelle Nr. 24. Landwirtschaftliches Zentrum für Rinderhaltung, Grünlandwirtschaft, Milchwirtschaft, Wild und Fischerei Baden-Württemberg (LAZBW)."
GÖRDETH0507,"CAPCAP, CERELA, SUSSCR",507,DE,TH,ATLAS,1950,2007,1950/2007,Atlas der Säugetiere Thüringens,na,978-30002690-5-9,"Görner, M. (Ed.). (2009). Atlas der Säugetiere Thüringens: Biologie, Lebensräume, Verbreitung, Gefährdung, Schutz. Arbeitsgruppe Artenschutz Thüringen."
GRÄDENS1265,"CAPCAP, CERELA, SUSSCR",1265,DE,NS,HUNT_STATS,NA,2016,na/2016,"Wild und Jagd, Landesjagdbericht 2016/2017, Niedersächsisches Ministerium für Ernährung, Landwirtschaft und Verbraucherschutz",https://www.wildtiermanagement.com/wildtiermanagement/literatur/,2197-9839,"Gräber, R., Strauß, E., & Johanshon, S. (2017). Wild und Jagd – Landesjagdbericht 2016 / 2017. Niedersächsisches Ministerium für Ernährung, Landwirtschaft und Verbraucherschutz. Hannover: 124 Seiten. ISSN 2197-9839."
HERDEBY1803,"SUSSCR, ALCALC, CAPCAP, CERELA, RUPRUP",1803,DE,BY,HUNT_STATS,2013,2016,2013/2016,Bayerischer Jagdverband (2018). Wildtiermonitoring Bayern Band 4,https://www.jagd-bayern.de/wildtiermonitoring-bayern/, 978-3-9819514-0-0,"Herzog, S., Reddemann, J., & Gerecht, R. (2018). Wildtiermonitoring Bayern, Band 4. Landesjagdverband Bayern e. V."
HAUDESN0659,"ALCALC, CAPCAP, CERELA, RUPRUP, SUSSCR",659,DE,SN,ATLAS,1990,2009,1990/2009,Atlas der Säugetiere Sachsens,https://publikationen.sachsen.de/bdb/artikel/12186,978-30002755-5-5,"Hauer, S., & Ansorge, H. U. ZÖPHEL (2009): Atlas der Säugetiere Sachsens. Hrsg.: Sächsisches Landesamt für Umwelt, Landwirtschaft und Geologie. Dresden."
KINDE1531,CERELA,1531,DE,,HUNT_STATS,na,na,na,Rotwildverbreitung in Deutschland ,https://www.rothirsch.org/wissen/rotwildverbreitung-in-deutschland/,na,"Kinser, A., Koop, K., & von Münchhausen, H. F. (2010). Die Rotwildverbreitung in Deutschland. AFZ-Der Wald, 05/2010, 32-34."
MARDEBB0082,ALCALC,82,DE,BB,OCCURRENCE BY DISTRICT,2013,2018,2013/2018,Elch-Managementplan für Brandenburg (2018),https://mluk.brandenburg.de/mluk/de/ueber-uns/oeffentlichkeitsarbeit/veroeffentlichungen/detail/~04-03-2013-elch-managementplan-fuer-das-land-brandenburg#,na,"Martin, I. (2013). Elch-Managementplan für Brandenburg: Strategien und Handlungsbedarf beim Umgang mit zuwandernden Elchen, Laufzeit: 2013-2018. Ministerium für Infrastruktur und Landwirtschaft des Landes Brandenburg, Ref. 10-Koordination, Kommunikation, Internat,2013"
MARDE0130,ALCALC,130,DE,,POINT OCCURRENCES/MOOSE DATABASE,2012,2015,2012/2015,Marko Heurich,na,na,Marko Heurich
PETDENR0101,CERELA,101,DE,NR,ATLAS,1983,2018,1983/2018,Atlas der Säugetiere Nordrhein-Westfalens,http://www.saeugeratlas-nrw.lwl.org/art/Rothirsch,na,"Petrak, M. (2018). Rothirsch (Cervus elaphus). In AG Säugetierkunde NRW — Online-Atlas der Säugetiere Nordrhein-Westfalens. Retrieved November 7, 2018, from https://saeugeratlas-nrw.lwl.org"
PETDENR0109,SUSSCR,109,DE,NR,ATLAS,1984,2018,1984/2018,Atlas der Säugetiere Nordrhein-Westfalens,http://www.saeugeratlas-nrw.lwl.org/art/Rothirsch,na,"Petrak, M. (2018). Wildschwein (Sus scrofa). In AG Säugetierkunde NRW — Online-Atlas der Säugetiere Nordrhein-Westfalens. Retrieved November 7, 2018, from https://saeugeratlas-nrw.lwl.org"
SCHDEBY0722,SUSSCR,722,DE,BY,HUNT_STATS,2010,2016,2010/2016,"Bayerisches Staatsministerium fuer Ernaehrung, Landwirtschaft und Forsten (StMELF)",https://www.waldwissen.net/wald/wild/jagd/lwf_schwarzwild_brennpunkt/index_DE,na,"Schwab, C. (2012, February 14). Brennpunkt Schwarzwild. Bayerische Landesanstalt für Wald und Forstwirtschaft. wald-wissen.net. "
BRIDE0087,"CAPIBE, RUPRUP",87,DE,,SP RANGE,2010,2014,2010/2014,Status Survey and Conservation Action Plan for Caprinae - Wild Sheep and Goats and their Relatives.,https://portals.iucn.org/library/node/7163,978-2-8317-0353-4,"Briedermann, L., Bauer, J. J., & d’Oleire-Oltmanns, W. (1997). Germany. In D. M. Shackleton (Ed.), Wild sheep and goats and their relatives: Status survey and conservation action plan (pp. 99-103). IUCN/SSC Caprinae Specialist Group. IUCN, Gland, Switzerland and Cambridge, UK."
SCHDEBY0040,ALCALC,40,DE,BY,POINT OCCURRENCES,1981,2008,1981/2008,Presence of Moose (Alces alces) in Southeastern Germany,https://link.springer.com/article/10.1007/s10344-009-0272-5,https://doi.org/10.1007/s10344-009-0272-5,"Schönfeld, F. (2009) Presence of Moose (Alces alces) in Southeastern Germany, Eur J Wildl Res55: 449. "
VIEDENR0220,CAPCAP,220,DE,NR,ATLAS,1984,2018,1984/2018,Atlas der Säugetiere Nordrhein-Westfalens,http://www.saeugeratlas-nrw.lwl.org/art/Wildschwein,na,"Vierhaus, H. (2018). Reh (Capreolus capreolus). In AG Säugetierkunde NRW — Online-Atlas der Säugetiere Nordrhein-Westfalens. Retrieved November 7, 2018, from https://saeugeratlas-nrw.lwl.org"
WOTDE1599,CERELA,1599,DE,,HUNT_STATS,2014,2017,2014/2017,Rotwildverbreitung in Deutschland ,http://rothirsch.org/wp-content/uploads/2014/04/Buch-2.-Rotwildsymposium-2004-07-28_klein3.pdf,3-936802-03-3,"Wotschikowsky, U., & Kern, M. (2004). Verbreitung des Rothirsches in Deutschland. In Ein Leitbild für den Umgang mit dem Rothirsch in Deutschland. Deutsche Wildtier Stiftung."
GBIFDK667,"SUSSCR, CERELA, CAPCAP",667,DK,,POINT OCCURRENCES,1978,2006,1978/2006,GBIF (Atlas of Danish Mammals),na,na,
GBIFEE1485,"ALCALC, CAPCAP, CERELA, SUSSCR",1485,EE,,POINT OCCURRENCES,1963,2018,1963/2006,"GBIF (Estonian Nature Observation database, Atlas of Estonian Mammals)",na,na,
LEGGR0433,"CAPAEG, CAPCAP, CERELA",433,GR,,SP RANGE,na,na,na,The red data book of threatened animals of Greece,na,978-960-85298-8-5.,"Legakis, A., & Maragou, P. (2009). The red data book of threatened animals of Greece. Hellenic Zoological Society, Athens, 528."
LOVGR0016,CERELA,16,GR,,SP RANGE,na,na,na,"IUCN Red List, Cervus elaphus",https://www.iucnredlist.org/species/55997072/142404453,http://dx.doi.org/10.2305/IUCN.UK.2016-2.RLTS.T55997072A22155320.en,"Lovari, S., Lorenzini, R., Masseti, M., Pereladova, O., Carden, R. F., Brook, S. M., & Mattioli, S. (2015). Cervus elaphus. The IUCN Red List of Threatened Species 2016."
PAPGR0068,RUPRUP,68,GR,,SP RANGE,na,na,na,"Demographic characteristics,seasonal range and habitat topography of Balkan chamois population in its southernmostlimit of its distribution (Giona mountain, Greece), Journal of Natural History",https://www.tandfonline.com/doi/abs/10.1080/00222933.2013.869365,https://doi.org/10.1080/00222933.2013.869365,"Papaioannou, H., Sgardelis, S., Chondropoulos, B., Vassilakis, D., Kati, V., & Dimopoulos, P. (2015). Demographic characteristics, seasonal range and habitat topography of Balkan chamois population in its southernmost limit of its distribution (Giona mountain, Greece). Journal of Natural History, 49(5-8), 327-345."
TSAGR0624,SUSSCR,624,GR,,HUNT_STATS,na,na,na,Current distribution and population status of wild boar (Sus scrofa L.),https://www.researchgate.net/publication/283137088_Current_distribution_and_population_status_of_wild_boar_Sus_scrofa_L_in_Greece,10.37045/aslh-2009-0012,"Tsachalidis, E. P., & Hadjisterkotis, E. (2009). Current distribution and population status of wild boar (Sus scrofa L.) in Greece. ACTA SILVATICA ET LIGNARIA HUNGARICA: AN INTERNATIONAL JOURNAL IN FOREST, WOOD AND ENVIRONMENTAL SCIENCES, 5, 153-157."
PALES8441,"CAPCAP, CAPYR, CERELA, RUPYR, SUSSCR",8441,ES,,ATLAS,na,na,na,Atlas y Libro Rojo de los Mamíferos Terrestres de España-Inventario Español de Especies Terrestres,https://www.miteco.gob.es/es/biodiversidad/temas/inventarios-nacionales/inventario-especies-terrestres/inventario-nacional-de-biodiversidad/bdn-ieet-atlas-vert-mamif-c.aspx,978-8480147118,"Palomo, L. J., Gisbert, J., & Blanco, J. C. (2007). Atlas y Libro Rojo de los Mamíferos Terrestres de España. Dirección General para la Biodiversidad-SECEM-SECEMU, Madrid."
ACEES2654,"RUPPYR, CAPPYR, CERELA",2654,ES,,ATLAS,na,na,na,Delimiting the geographical background in species distribution modelling,https://www.researchgate.net/publication/259927883_Delimiting_the_geographical_background_in_species_distribution_modelling,https://doi.org/10.2307/23258810,"Acevedo, P., Jiménez-Valverde, A., Lobo, J., Real, R., & Silman, M. (2012). Delimiting the geographical background in species distribution modelling. Journal of Biogeography, 39, 1383-1390. "
PALES7494,"CAPCAP, CERELA, RUPPYR, SUSSCR",7494,ES,,ATLAS,na,na,na,Atlas de los mamiferos terrestres de Espana- Direccion General de Conservacion de la Naturaleza,na,na,"Palomo, L. J., & Gisbert, J. (2002). Atlas de los mamiferos terrestres de Espana. Direccion General de Conservacion de la Naturaleza. SECEM–SECEMU, Madrid."
EMMES4916,"CAPPYR, RUPPYR, SUSSCR",4916,ES,,ATLAS,na,2018,na/2018,Acevedo Comm. Pers. (Data used in the 2nd Atlas of European Mammals),na,na,"Emma2 Steering Group. (2020). Selecting and preparing data for the Atlas of European Mammals, 2nd edition. European Mammal Foundation. Retrieved February 28, 2020, from https://www.european-mammals.org/public-documents/category/2-emma2-public-documents"
RUUFI2213,CAPCAP,2213,FI,,HUNT_STATS,na,na,na,European Ungulates and their management in the 21st century,na,na,"Ruusila, V., & Kojola, I. (2010). Ungulates and their management in Finland. In M. Apollonio, R. Andersen, & R. Putman (Eds.), European ungulates and their management in the 21st century (pp. 86-102). Cambridge University Press."
EMMFI0376,ALCALC,376,FI,,ATLAS,na,na,na,European Atlas of Mammals,https://www.european-mammals.org,na,"Emma2 Steering Group. (2020). Selecting and preparing data for the Atlas of European Mammals, 2nd edition. European Mammal Foundation. Retrieved Agust 18, 2018."
FINFI0846,"ALCALC, CAPCAP, SUSSCR",846,FI,,POINT OCCURRENCES,na,2018,na/2018,FinBIF,http://tun.fi/HBF.32591 ,http://doi.org/10.17616/R31NJMYB,"Finnish Biodiversity Information Facility. (2024). Dataset on species occurrences and distributions in Finland. re3data.org - Registry of Research Data Repositories. Retrieved October 25, 2018, from http://doi.org/10.17616/R31NJMYB"
LAVFI2802,ALCALC,3846,FI,,HUNT_STATS,1995,1996,1995/1996,Status of moose populations and challenges to moose management in Fennoscandia,https://www.researchgate.net/publication/286376667_Genetic_and_phenotypic_variation_of_the_moose_Alces_alces,978-952-62-0980-7,"Lavsund, S., Nygrén, T., & Solberg, E. J. (2003). Status of moose populations and challenges to moose management in Fennoscandia. Alces: A Journal Devoted to the Biology and Management of Moose, 39, 109-130."
MINFI0222,RANTAR,222,FI,,SP RANGE,na,2003,na/2003,"Management Plan for the Wild Forest Reindeer Population in Finland, Ministry of Agriculture and Forestry 9b/2007",https://julkaisut.valtioneuvosto.fi/handle/10024/80554,78-952-453-372-0,Ministry of Agriculture and Forestry. (2007). Management Plan for the Wild Forest Reindeer Population in Finland. Ministry of Agriculture and Forestry 9b/2007. Vammalan Kirjapaino Oy.
NBNGB3433,"CAPCAP, CERELA, SUSSCR",3433,GB,,ATLAS,1998,2018,1998/2018,NBN Atlas,https://species.nbnatlas.org/species/NHMSYS0000080203,na,NBN Atlas occurrence download at https://nbnatlas.org accessed on Thu Oct 18 09:10:23 UTC 2018.
KUSHR2009,"CAPCAP, SUSSCR, RUPRUP, CERELA",2009,HR,,SP RANGE,na,2003,na/2003,"European Ungulates and their management in the 21st century, Marijan Grubešić's research",,978-0-521-76061-4 ,"Kusak, J., & Krapinec, K. (2010). Ungulates and their management in Croatia. In M. Apollonio, R. Andersen, & R. Putman (Eds.), European ungulates and their management in the 21st century (pp. 527-539). Cambridge University Press."
CSÁHU2820,"CAPCAP, CERELA, SUSSCR",2820,HU,,HUNT_STATS,2003,2004,2003/2004,European Ungulates and their management in the 21st century,,978-0-521-76061-4 ,"Kusak, J., & Krapinec, K. (2010). Ungulates and their management in Croatia. In M. Apollonio, R. Andersen, & R. Putman (Eds.), European ungulates and their management in the 21st century (pp. 527-539). Cambridge University Press."
CARIE0264,CERELA,264,IE,,ATLAS,na,2008,na/2008,Distribution and range expansion of deer in Ireland,https://www.researchgate.net/publication/227991022_Distribution_and_range_expansion_of_deer_in_Ireland,https://doi.org/10.1111/j.1365-2907.2010.00170.x,"Carden, R. F., Carlin, C. M., Marnell, F., Mcelholm, D., Hetherington, J., & Gammell, M. P. (2011). Distribution and range expansion of deer in Ireland: Irish deer distribution. Mammal Review, 41(4), 313–325. https://doi.org/10.1111/j.1365-2907.2010.00170.x"
NATIE0166,CERELA,166,IE,,ATLAS,1968,2010,1968/2010,Deer of Ireland Database,https://maps.biodiversityireland.ie/Dataset/29/Species/119292,na,"National Museum of Ireland, Deer of Ireland Database, National Biodiversity Data Centre, Ireland, Red Deer (Cervus elaphus), accessed 03 July 2018 "
CARIT6139,"CAPCAP, CAPIBE, CERELA, RUPRUP, SUSSCR, RUPOTN",6139,IT,,HUNT_STATS,na,2006,na/2006,"Banca Dati Ungulati: Status, distribuzione, consistenza, gestione e prelievo venatorio delle popolazioni di Ungulati in Italia. ",https://www.researchgate.net/publication/272094547_Banca_Dati_Ungulati_Status_distribuzione_consistenza_gestione_e_prelievo_venatorio_delle_popolazioni_di_Ungulati_in_Italia_Rapporto_2001-2005_Italian-English_text,1126-5221,"Carnevali, Lucilla & Pedrotti, Luca & Riga, Francesco & Toso, Silvano. (2009). Banca Dati Ungulati: Status, distribuzione, consistenza, gestione e prelievo venatorio delle popolazioni di Ungulati in Italia. Rapporto 2001-2005. [Italian-English text]. Fauna. 117. "
DUPIT0374,CAPIBE,374,IT,,SP RANGE,2007,2014,2007/2014,"The Alpine ibex in the Italian Alps: status, potential distribution and management options for conservation and sustainable development",https://docslib.org/doc/11046220/dupr%C3%A9-e-pedrotti-l-arduino-s-alpine-ibex-conservation,na,"Dupré, E., Pedrotti, L., & Arduino, S. (2001). Italian Alps: status, potential distribution and management options for conservation and sustainable development. 1-126. 2001. WWF International. sustainable development, 1, 126."
BALLT2958,"ALCALC, BISBON, CAPCAP, CERELA, SUSSCR",2958,LT,,ATLAS,na,2015,na/2015,Lithuanian Mammal Atlas,http://www.gamtostyrimai.lt/lt/users/viewGroup/id.24/pageId.29,9986-759-07-2,"Balčiauskas, L., Trakimas, G., Juškaitis, R., Ulevičius, A., & Balčiauskienė, L. (1999). Atlas of Lithuanian mammals, amphibians and reptiles. Akstis, Vilnius."
GBILU0113,"CAPCAP, CERELA, SUSSCR",113,LU,,POINT OCCURRENCES,na,na,na,GBIF,na,na,GBIF
STALV2969,"ALCALC, CAPCAP,CERELA, SUSSCR",2969,LV,,HUNT_STATS,2018,2019,2018/2019,State Forest Service Latvia,http://www.vmd.gov.lv/valsts-meza-dienests/statiskas-lapas/medibas/valsts-meza-dienests/statiskas-lapas/skaitli-un-fakti?id=766#jump,na,State Forest Service Latvia. (2019). Elk density calculations for 2018/2019 hunting season 
EMMME0603,"SUSSCR, RUPRUP, CERELA, CAPCAP",603,ME,,ATLAS,na,na,na,European Atlas of Mammals,,na,"Emma2 Steering Group. (2020). Selecting and preparing data for the Atlas of European Mammals, 2nd edition. European Mammal Foundation. Retrieved Agust 18, 2018."
STOMK0446,"CERELA, RUPRUP, SUSSCR",446,MK,,SP RANGE,na,na,na,Ungulates and their management in Macedonia- European ungulates and their management in the 21st century,na,978-0-521-76061-4 ,"Stojanov, A., Melovski, D., Ivanov, G., & Linnell, J. D. C. (2010). Ungulates and their management in Macedonia. In M. Apollonio, R. Andersen, & R. Putman (Eds.), European ungulates and their management in the 21st century (pp. [specific pages if known]). Cambridge University Press."
HTTNL0459,CAPCAP,459,NL,,SP RANGE,2000,2010,2000/2010,Road kills of roe deer (Capreolus capreolus) in the Netherlands: assessment of impacts and mitigation measures,https://studenttheses.uu.nl/handle/20.500.12932/20012?show=full,na,"De Vries, M. (2015). Road kills of roe deer (Capreolus capreolus) in the Netherlands: Assessment of impacts and mitigation measures (MSc Internship report). Copernicus Institute of Sustainable Development, Utrecht University."
VANNL0284,"CERELA, SUSSCR",284,NL,,SP RANGE,na,na,na,Ungulates and their management in the Netherlands-2010. European Ungulates and their management in the 21st century,na,978-0-521-76061-4 ,"Van Wieren, S. E., & Groot Bruinderink, G. W. T. A. (2010). Ungulates and their management in the Netherlands. In M. Apollonio, R. Andersen, & R. Putman (Eds.), European ungulates and their management in the 21st century (pp. [specific pages if known]). Cambridge University Press."
STANO8411,"CERELA, CAPCAP,ALCALC",8411,NO,,HUNT_STATS,2015,2016,2015/2016,Statistics Norway,https://www.ssb.no/en/jord-skog-jakt-og-fiskeri/statistikker/hjortejakt/aar/2016-03-18,na,"Statistics Norway. (2017, March 17). Continued decline in moose hunting. Statistics Norway. Retrieved from https://www.ssb.no/en/jord-skog-jakt-og-fiskeri/statistikker/elgjakt/aar/2017-03-17; Statistics Norway. (2023, September 1). Small game and roe deer hunting. Statistics Norway. Retrieved from https://www.ssb.no/en/jord-skog-jakt-og-fiskeri/statistikker/srjakt; Statistics Norway. (2016, March 18). More deer hunted than moose. Statistics Norway. Retrieved from https://www.ssb.no/en/jord-skog-jakt-og-fiskeri/statistikker/hjortejakt/aar/2016-03-18"
ARTNO0051,SUSSCR,51,NO,,POINT OCCURRENCES,1885,2018,1885/2018,Villsvin-Sus scrofa,https://artsdatabanken.no/,na,"Statistics Norway. (2017, March 17). Continued decline in moose hunting. Statistics Norway. Retrieved from https://www.ssb.no/en/jord-skog-jakt-og-fiskeri/statistikker/elgjakt/aar/2017-03-17; Statistics Norway. (2023, September 1). Small game and roe deer hunting. Statistics Norway. Retrieved from https://www.ssb.no/en/jord-skog-jakt-og-fiskeri/statistikker/srjakt; "
VILNO0911,RANTAR,911,NO,,SP RANGE,na,na,na,The wild reindeer areas in Norway,http://www.villrein.no/the-wild-reindeer-areas-in-norway/,na,"Villrein. (2018, October 16). The wild reindeer areas in Norway. Retrieved from http://www.villrein.no/the-wild-reindeer-areas-in-norway/"
NESPL12097,"ALCALC, CERELA, RUPRUP, CAPCAP, SUSSCR",12097,PL,,ATLAS,na,na,na,Nestor Fernandez,na,na,Nestor Fernandez
BENPT2663,"CAPCAP, CERELA,SUSSCR, CAPPYR",2663,PL,,ATLAS,na,na,na,"Atlas de Mamíferos de Portugal. Universidade de Évora, Portugal",https://dspace.uevora.pt/rdpc/handle/10174/21604,978-989-8550-54-5,"Bencatel, J., Álvares, F., Moura, A. E., & Barbosa, A. M. (2017). Atlas de mamíferos de Portugal."
VINPT1884,"CAPCAP, CAPYR, CERELA,SUSSCR",1884,PT,,SP RANGE,na,na,na,"Ungulates and their management in Portugal. In M. Apollonio, R. Andersen, & R. Putman (Eds.), European ungulates and their management in the 21st century",na,978-0-521-76061-4 ,"Vingada, J., Fonseca, C., Cancela, J., Ferreira, J., & Eira, C. (2010). Ungulates and their management in Portugal. In M. Apollonio, R. Andersen, & R. Putman (Eds.), European ungulates and their management in the 21st century (pp. 392). Cambridge University Press."
WEBRO0149,RUPRUP,149,RO,,SP RANGE,na,na,na,Status Survey and Conservation Action Plan for Caprinae - Wild Sheep and Goats and their Relatives. ,https://portals.iucn.org/library/node/7163,978-2-8317-0353-4,"Weber, P. (1997). Romania. In D. M. Shackleton (Ed.), Wild sheep and goats and their relatives: Status survey and conservation action plan for Caprinae (pp.120). IUCN."
EMMRO6202,"ALCALC, BISBON, CAPCAP, CERELA, SUSSCR, RUPRUP",6202,RO,,ATLAS,na,na,na,European Atlas of Mammals,na,na,"Emma2 Steering Group. (2020). Selecting and preparing data for the Atlas of European Mammals, 2nd edition. European Mammal Foundation. Retrieved February 28, 2018"
EMMRS2436,"CERELA, SUSSCR, CAPCAP, RUPRUP",2436,RS,,ATLAS,na,na,na,European Atlas of Mammals,na,na,"Emma2 Steering Group. (2020). Selecting and preparing data for the Atlas of European Mammals, 2nd edition. European Mammal Foundation. Retrieved February 28, 2018"
WENSE3374,ALCALC,3374,SE,,HUNT_STATS,na,na,na,Genetic landscape with sharp discontinuities shaped by complex demographic history in moose (Alces alces,https://www.researchgate.net/publication/308266091_Population_genetic_patterns_in_continuous_environments_in_relation_to_conservation_management,https://doi.org/10.1093/jmammal/gyv146,"Wennerström, L., Ryman, N., Tison, J. L., Hasslow, A., Dalén, L., & Laikre, L. (2016). Genetic landscape with sharp discontinuities shaped by complex demographic history in moose (Alces alces). Journal of Mammalogy, 97(1), 1-13."
BIOSE3974,ALCALC,3974,SE,,POINT OCCURRENCES,1980,2020,1980/2020,BioAtlas Sweden ,na,na,BioAtlas Sweden occurrence download at biocache accessed on Thu Nov 21 16:48:48 GMT 2019.
EMMSE4817,ALCALC,4817,SE,,ATLAS,na,na,na,European Atlas of Mammals,na,na,"Emma2 Steering Group. (2020). Selecting and preparing data for the Atlas of European Mammals, 2nd edition. European Mammal Foundation. Retrieved Agust 18, 2018."
LIBSE6824,"CAPCAP, CERELA, SUSSCR",6824,SE,,HUNT_STATS,na,na,na,"Ungulates and their management in Sweden. In M. Apollonio, R. Andersen, & R. Putman (Eds.), European ungulates and their management in the 21st century (pp. 37). Cambridge University Press.",na,na,"Liberg, O., Bergström, R., Kindberg, J., & von Essen, H. (2010). Ungulates and their management in Sweden. In M. Apollonio, R. Andersen, & R. Putman (Eds.), European ungulates and their management in the 21st century (pp. 37). Cambridge University Press."
HTTSE1153,SUSSCR,1153,SE,,HUNT_STATS,2009,2011,2009/2011,Toxoplasma gondii seroprevalence in wild boars (Sus scrofa) in Sweden and evaluation of ELISA test performance,https://www.researchgate.net/publication/267874930_Toxoplasma_gondii_seroprevalence_in_wild_boars_Sus_scrofa_in_Sweden_and_evaluation_of_ELISA_test_performance,10.1017/S0950268814002891,"Wallander, C., Frössling, J., Vågsholm, I., Uggla, A., & Lunden, A. (2015). Toxoplasma gondii seroprevalence in wild boars (Sus scrofa) in Sweden and evaluation of ELISA test performance. Epidemiology & Infection, 143(9), 1913-1921"
ADASI0945,"CAPCAP, CAPIBE, CERELA, RUPRUP, SUSSCR",945,SI,,HUNT_STATS,1975,2005,1975/2005,Adamic and Jerina 2010. Ungulates and their management in Slovenia. In: Apollonio et al. 2010. European Ungulates and their management in the 21st century,https://www.researchgate.net/publication/250308630_UNGULATE_MANAGEMENT_IN_EUROPE_IN_THE_XXI_CENTURY_SLOVENIA/figures,,"Adamič, M., & Jerina, K. (2010). Ungulates and their management in Slovenia. In M. Apollonio, R. Andersen, & R. Putman (Eds.), European ungulates and their management in the 21st century (pp. 200-220). Cambridge University Press."
EMMSK0567,CAPCAP,567,SK,,ATLAS,1970,na,1970/na,European Atlas of Mammals,na,na,"Mitchell-Jones, A. J., Amori, G., Bogdanowicz, W., Krystufek, B., Reijnders, P. J. H., Spitzenberger, F., Stubbe, M., Thissen, J. B. M., Vohralík, V., & Zima, J. (1999). The Atlas of European Mammals & EMMA Dataset. London: Poyser. Retrieved from http://www.european-mammals.org"
ADASK1371,"ALCALC, CERELA, RUPRUP, SUSSCR",1371,SK,,HUNT_STATS,na,2005,na/2005,Apollonio et al. 2010. European Ungulates and their management in the 21st century,na,978-0-521-76061-4 ,"Adamič, M., & Jerina, K. (2010). Ungulates and their management in Slovenia. In M. Apollonio, R. Andersen, & R. Putman (Eds.), European ungulates and their management in the 21st century (pp. 262). Cambridge University Press."
EMMTR0076,"CAPCAP, CERELA, SUSSCR",76,TR,,ATLAS,1970,,,European Atlas of Mammals,na,na,"Mitchell-Jones, A. J., Amori, G., Bogdanowicz, W., Krystufek, B., Reijnders, P. J. H., Spitzenberger, F., Stubbe, M., Thissen, J. B. M., Vohralík, V., & Zima, J. (1999). The Atlas of European Mammals & EMMA Dataset. London: Poyser. Retrieved from http://www.european-mammals.org"
KENTR4113,"CAPAEG, RUPRUP",4113,TR,,SP RANGE,,,,"Status Survey and Conservation Action Plan for Caprinae - Wild Sheep and Goats and their Relatives. Shakleton, D.M. (Ed.). IUCN, Gland, Switzerland and Cambridge, UK. 1997.",na,na,"Kence, A., & Tarhan, M. S. (1997). Turkey. In D. M. Shackleton & IUCN/SSC Caprinae Specialist Group (Eds.), Wild sheep and goats and their relatives: Status survey and conservation action plan for Caprinae (pp. 138-147). IUCN, Gland, Switzerland and Cambridge, UK."
